OTU,Alpha,Std. Error
1,1.34,0.07865
2,1.16,0.0748
3,0.52,0.06201
4,0.43,0.14035
5,1.01,0.05965
6,0.59,0.062655
7,1.29,0.0524
10,1.15,0.0192
12,1.21,0.03455
8,0.43,0.046195
18,0.73,0.085325
9,0.83,0.025345
11,0.77,0.031905
19,0.83,0.01735
25,1.46,0.02705
27,0.84,0.06251
Rare,1.36,0.06815
